<?xml version="1.0"?>

<grammar name="BNF">
  <rule category="Grammar">
    <category name="Rules"/>
  </rule>
  <rule category="Rules">
    <category name="Rule"/>
    <category name="Rules"/>
  </rule>
  <rule category="Rules">
  </rule>
  <rule category="Rule">
    <category name="Lhs"/>
    <category name="="/>
    <category name="Rhs"/>
    <category name=";"/>
  </rule>
  <rule category="Lhs">
    <category name="Nonterm"/>
  </rule>
  <rule category="Rhs">
    <category name="Sentences"/>
  </rule>
  <rule category="Sentences">
    <category name="Sentence"/>
  </rule>
  <rule category="Sentences">
    <category name="Sentence"/>
    <category name="|"/>
    <category name="Sentences"/>
  </rule>
  <rule category="Sentences">
  </rule>
  <rule category="Sentence">
    <category name="Item"/>
    <category name="Sentence"/>
  </rule>
  <rule category="Sentence">
  </rule>
  <rule category="Item">
    <category name="Qualified"/>
    <category name="Qualifier"/>
  </rule>
  <rule category="Qualified">
    <category name="Bracketed"/>
  </rule>
  <rule category="Qualified">
    <category name="Braced"/>
  </rule>
  <rule category="Qualified">
    <category name="Grouped"/>
  </rule>
  <rule category="Qualified">
    <category name="Nonterm"/>
  </rule>
  <rule category="Qualified">
    <category name="Literal"/>
  </rule>
  <rule category="Qualifier">
    <category name="*"/>
  </rule>
  <rule category="Qualifier">
    <category name="+"/>
  </rule>
  <rule category="Qualifier">
    <category name="?"/>
  </rule>
  <rule category="Qualifier">
  </rule>
  <rule category="Bracketed">
    <category name="["/>
    <category name="Sentences"/>
    <category name="]"/>
  </rule>
  <rule category="Braced">
    <category name="{"/>
    <category name="Sentences"/>
    <category name="}"/>
  </rule>
  <rule category="Grouped">
    <category name="("/>
    <category name="Sentences"/>
    <category name=")"/>
  </rule>
  <rule category="Nonterm">
    <category name="<"/>
    <category name="id"/>
    <category name=">"/>
  </rule>
  <rule category="Literal">
    <category name="""/>
    <category name="id"/>
    <category name="""/>
  </rule>
</grammar>
