<?xml version="1.0"?>

<!--
	Test grammar for Pep. For category S, should only license phrases like
		Pep (is an Earley parser)*
	This grammar is meant to test direct left recursion.
-->
<grammar name="pep">
	<rule category="S">
		<category name="Pep"/>
		<category name="Rest"/>
	</rule>
	<rule category="Pep">
		<category name="Pep"/>
		<category name="Rest"/>
	</rule>
	<rule category="Pep">
		<terminal token="Pep"/>
	</rule>
	<rule category="Rest">
		<category name="Is"/>
		<category name="An"/>
		<category name="Earley"/>
		<category name="Parser"/>
	</rule>
	<rule category="Is">
		<terminal token="is"/>
	</rule>
	<rule category="An">
		<terminal token="an"/>
	</rule>
	<rule category="Earley">
		<terminal token="Earley"/>
	</rule>
	<rule category="Parser">
		<terminal token="Parser"/>
	</rule>
</grammar>