<?xml version="1.0"?>

<!--
	Test grammar for Pep. For category S, should license strings like:
		Mary saw the man
		Mary saw the man in the park
		Mary saw the man in the park with the telescope
		Mary saw the man in the park with the telescope at midnight
		etc.
	Should have 2 parses for Mary saw her duck.
	Should not license string like (for category S):
		Mary midnight
		Mary saw the the telescope
-->
<grammar name="tiny">
	<rule category="S">
		<category name="NP"/>
		<category name="VP"/>
	</rule>
	<rule category="VP">
		<category name="VP"/>
		<category name="PP"/>
	</rule>
	<rule category="VP">
		<category name="VT"/>
		<category name="NP"/>
	</rule>
	<rule category="VP">
		<category name="VS"/>
		<category name="S"/>
	</rule>
	<rule category="N">
		<category name="N"/>
		<category name="PP"/>
	</rule>
	<rule category="PP">
		<category name="P"/>
		<category name="NP"/>
	</rule>
	<rule category="NP">
		<category name="Det"/>
		<category name="N"/>
	</rule>
	<rule category="NP">
		<terminal token="her"/>
	</rule>
	<rule category="NP">
		<terminal token="Mary"/>
	</rule>
	<rule category="NP">
		<terminal token="midnight"/>
	</rule>
	<rule category="Det">
		<terminal token="the"/>
	</rule>
	<rule category="Det">
		<terminal token="a"/>
	</rule>
	<rule category="Det">
		<terminal token="her"/>
	</rule>
	<rule category="N">
		<terminal token="dragon"/>
	</rule>
	<rule category="N">
		<terminal token="telescope"/>
	</rule>
	<rule category="N">
		<terminal token="man"/>
	</rule>
	<rule category="N">
		<terminal token="cave"/>
	</rule>
	<rule category="N">
		<terminal token="park"/>
	</rule>
	<rule category="N">
		<terminal token="duck"/>
	</rule>
	<rule category="VP">
		<terminal token="left"/>
	</rule>
	<rule category="VP">
		<terminal token="duck"/>
	</rule>
	<rule category="VS">
		<terminal token="thought"/>
	</rule>
	<rule category="VT">
		<terminal token="saw"/>
	</rule>
	<rule category="VS">
		<terminal token="saw"/>
	</rule>
	<rule category="VT">
		<terminal token="loved"/>
	</rule>
	<rule category="PP">
		<terminal token="there"/>
	</rule>
	<rule category="P">
		<terminal token="in"/>
	</rule>
	<rule category="P">
		<terminal token="at"/>
	</rule>
	<rule category="P">
		<terminal token="with"/>
	</rule>
</grammar>