<?xml version="1.0"?>

<!--
	Test grammar that licenses any of the sentences found in lambda_calculus.txt
	(minus punctuation).
-->
<grammar name="lambda">
	<rule category="S">
		<category name="NP"/>
		<category name="VP"/>
	</rule>
	<rule category="NP">
		<category name="Adj"/>
		<category name="N"/>
	</rule>
	<rule category="NP">
		<category name="Det"/>
		<category name="N"/>
	</rule>
	<rule category="NP">
		<category name="Det"/>
		<category name="NP"/>
	</rule>
	<rule category="NP">
		<category name="Adj"/>
		<category name="Npl"/>
	</rule>
	<rule category="NP">
		<category name="Adj"/>
		<category name="NP"/>
	</rule>
	<rule category="Det">
		<terminal token="a"/>
	</rule>
	<rule category="Det">
		<terminal token="an"/>
	</rule>
	<rule category="Det">
		<terminal token="any"/>
	</rule>
	<rule category="Det">
		<terminal token="the"/>
	</rule>
	<rule category="Det">
		<terminal token="This"/>
	</rule>
	<rule category="Det">
		<terminal token="this"/>
	</rule>
	<rule category="Det">
		<terminal token="some"/>
	</rule>
	<rule category="VP">
		<category name="Modal"/>
		<category name="VPbse"/>
	</rule>
	<rule category="Modal">
		<terminal token="can"/>
	</rule>
	<rule category="VPpsp">
		<category name="Psp"/>
		<category name="NP"/>
	</rule>
	<rule category="VPpsp">
		<category name="Psp"/>
		<category name="Adv"/>
	</rule>
	<rule category="VPpsp">
		<category name="Psp"/>
		<category name="Prd"/>
	</rule>
	<rule category="Prd">
		<category name="As"/>
		<category name="Prd"/>
	</rule>
	<rule category="Prd">
		<category name="Adv"/>
		<category name="Prd"/>
	</rule>
	<rule category="Prd">
		<category name="By"/>
		<category name="Dat"/>
	</rule>
	<rule category="Prd">
		<category name="Psp"/>
		<category name="Prd"/>
	</rule>
	<rule category="Psp">
		<category name="Psp"/>
		<category name="Conj"/>
		<category name="Psp"/>
	</rule>
	<rule category="As">
		<terminal token="as"/>
	</rule>
	<rule category="By">
		<terminal token="by"/>
	</rule>
	<rule category="Psp">
		<terminal token="called"/>
	</rule>
	<rule category="Psp">
		<terminal token="expressed"/>
	</rule>
	<rule category="Psp">
		<terminal token="evaluated"/>
	</rule>
	<rule category="Psp">
		<terminal token="related"/>
	</rule>
	<rule category="Psp">
		<terminal token="conceived"/>
	</rule>
	<rule category="Psp">
		<terminal token="developed"/>
	</rule>
	<rule category="VPbse">
		<category name="Bse"/>
		<category name="VPpsp"/>
	</rule>
	<rule category="VPbse">
		<category name="VTbse"/>
		<category name="NP"/>
	</rule>
	<rule category="Bse">
		<terminal token="be"/>
	</rule>
	<rule category="VP">
		<category name="Pas"/>
		<category name="VPpsp"/>
	</rule>
	<rule category="Coppsp">
		<terminal token="been"/>
	</rule>
	<rule category="Pas">
		<terminal token="have"/>
	</rule>
	<rule category="VPpsp">
		<category name="Coppsp"/>
		<category name="Psp"/>
	</rule>
	<rule category="Bse">
		<terminal token="care"/>
	</rule>
	<rule category="N">
		<category name="Adj"/>
		<category name="N"/>
	</rule>
	<rule category="Adj">
		<terminal token="Lambda"/>
	</rule>
	<rule category="Adj">
		<terminal token="lambda"/>
	</rule>
	<rule category="Adj">
		<terminal token="smallest"/>
	</rule>
	<rule category="Adj">
		<terminal token="universal"/>
	</rule>
	<rule category="Adj">
		<terminal token="programming"/>
	</rule>
	<rule category="Adj">
		<terminal token="single"/>
	</rule>
	<rule category="Adj">
		<terminal token="transformation"/>
	</rule>
	<rule category="Adj">
		<terminal token="function"/>
	</rule>
	<rule category="Adj">
		<terminal token="definition"/>
	</rule>
	<rule category="Adj">
		<terminal token="computable"/>
	</rule>
	<rule category="Adj">
		<terminal token="equivalent"/>
	</rule>
	<rule category="Adj">
		<terminal token="transformation"/>
	</rule>
	<rule category="Adj">
		<terminal token="Turing"/>
	</rule>
	<rule category="Adj">
		<terminal token="machine"/>
	</rule>
	<rule category="Adj">
		<terminal token="actual"/>
	</rule>
	<rule category="Adj">
		<terminal token="untyped"/>
	</rule>
	<rule category="Adj">
		<terminal token="typed"/>
	</rule>
	<rule category="N">
		<terminal token="calculus"/>
	</rule>
	<rule category="N">
		<terminal token="language"/>
	</rule>
	<rule category="N">
		<terminal token="rule"/>
	</rule>
	<rule category="N">
		<terminal token="scheme"/>
	</rule>
	<rule category="N">
		<terminal token="sense"/>
	</rule>
	<rule category="N">
		<terminal token="function"/>
	</rule>
	<rule category="N">
		<terminal token="formalism"/>
	</rule>
	<rule category="N">
		<terminal token="approach"/>
	</rule>
	<rule category="Dat">
		<terminal token="software"/>
	</rule>
	<rule category="Dat">
		<terminal token="hardware"/>
	</rule>
	<rule category="Dat">
		<terminal token="Church"/>
	</rule>
	<rule category="N">
		<terminal token="use"/>
	</rule>
	<rule category="N">
		<terminal token="machine"/>
	</rule>
	<rule category="N">
		<terminal token="article"/>
	</rule>
	<rule category="Npl">
		<terminal token="rules"/>
	</rule>
	<rule category="Npl">
		<terminal token="calculi"/>
	</rule>
	<rule category="NP">
		<terminal token="It"/>
	</rule>
	<rule category="VP">
		<category name="VT"/>
		<category name="NP"/>
	</rule>
	<rule category="VT">
		<category name="V3sof"/>
		<category name="Vof"/>
	</rule>
	<rule category="VT">
		<category name="V3swith"/>
		<category name="Vwith"/>
	</rule>
	<rule category="VTbse">
		<category name="Bse"/>
		<category name="Vabout"/>
	</rule>
	<rule category="VT">
		<terminal token="emphasizes"/>
	</rule>
	<rule category="V3sof">
		<terminal token="consists"/>
	</rule>
	<rule category="Vof">
		<terminal token="of"/>
	</rule>
	<rule category="Vabout">
		<terminal token="about"/>
	</rule>
	<rule category="V3swith">
		<terminal token="deals"/>
	</rule>
	<rule category="Vwith">
		<terminal token="with"/>
	</rule>
	<rule category="Conj">
		<terminal token="and"/>
	</rule>
	<rule category="NP">
		<category name="NP"/>
		<category name="Conj"/>
		<category name="NP"/>
	</rule>
	<rule category="VP">
		<category name="Cop"/>
		<category name="AdjP"/>
	</rule>
	<rule category="VP">
		<category name="Cop"/>
		<category name="Prd"/>
	</rule>
	<rule category="AdjP">
		<category name="Adj"/>
	</rule>
	<rule category="Cop">
		<terminal token="is"/>
	</rule>
	<rule category="Cop">
		<category name="Cop"/>
		<category name="Adv"/>
	</rule>
	<rule category="Cop">
		<category name="Cop"/>
		<category name="AdjP"/>
	</rule>
	<rule category="Sbar">
		<category name="Comp"/>
		<category name="S"/>
	</rule>
	<rule category="Comp">
		<terminal token="that"/>
	</rule>
	<rule category="VP">
		<category name="VP"/>
		<category name="Adv"/>
	</rule>
	<rule category="Adv">
		<category name="In"/>
		<category name="NP"/>
	</rule>
	<rule category="In">
		<terminal token="in"/>
	</rule>
	<rule category="Adv">
		<category name="Adv"/>
		<category name="Sbar"/>
	</rule>
	<rule category="Adv">
		<category name="Prs"/>
		<category name="NP"/>
	</rule>
	<rule category="Prs">
		<terminal token="using"/>
	</rule>
	<rule category="Adv">
		<terminal token="thus"/>
	</rule>
	<rule category="Adv">
		<terminal token="more"/>
	</rule>
	<rule category="Adv">
		<terminal token="originally"/>
	</rule>
	<rule category="AdjP">
		<category name="Adj"/>
		<category name="PP"/>
	</rule>
	<rule category="PP">
		<category name="P"/>
		<category name="NP"/>
	</rule>
	<rule category="P">
		<terminal token="to"/>
	</rule>
	<rule category="P">
		<terminal token="of"/>
	</rule>
	<rule category="S">
		<category name="Smod"/>
		<category name="S"/>
	</rule>
	<rule category="Smod">
		<terminal token="However"/>
	</rule>
	<rule category="N">
		<category name="N"/>
		<category name="PP"/>
	</rule>
	<rule category="VP">
		<category name="VP"/>
		<category name="Conj"/>
		<category name="VP"/>
	</rule>
	<rule category="Modal">
		<terminal token="does"/>
	</rule>
	<rule category="Neg">
		<terminal token="not"/>
	</rule>
	<rule category="Modal">
		<category name="Modal"/>
		<category name="Neg"/>
	</rule>
	<rule category="Prd">
		<category name="Prs"/>
		<category name="Acc"/>
	</rule>
	<rule category="Prd">
		<category name="NP"/>
		<category name="Prd"/>
	</rule>
	<rule category="Prs">
		<terminal token="implementing"/>
	</rule>
	<rule category="Acc">
		<terminal token="them"/>
	</rule>
	<rule category="Prd">
		<category name="To"/>
		<category name="Dat"/>
	</rule>
	<rule category="To">
		<terminal token="to"/>
	</rule>
	<rule category="Contr">
		<terminal token="than"/>
	</rule>
	<rule category="Prd">
		<category name="Prd"/>
		<category name="Contr"/>
		<category name="Prd"/>
	</rule>
	<rule category="NP">
		<category name="NP"/>
		<category name="Prd"/>
	</rule>
	<rule category="Smod">
		<category name="Advtmp"/>
		<category name="Time"/>
	</rule>
	<rule category="Advtmp">
		<terminal token="Since"/>
	</rule>
	<rule category="Time">
		<terminal token="then"/>
	</rule>
</grammar>
